Ord,Item,Description,UPC,REF#,Sugg. Retail,Discount %,Net Price US $
,BAREMK1-Q,BAREMINERALS/CLAYMATES MASK DUO BE BRIGHT & BE PURE 2.04 OZ (58 ML), 098132520718, ,35.00,72,9.75
,BARECRCRG26-Q,BAREMINERALS/COMPLEXION RESCUE TINTED HYDRATING CREAM GEL (11) CEDAR 1.18 OZ, 098132561650, ,33.00,68,10.65
,BILACOMOL1,"BIOTHERM/LAIT CORPOREL BODY MILK 13.52 OZ
ANTI-DRYING", 3367729117264, 0769754,35.00,44,19.65
,DIHYLIEG1,CH.DIOR/DIOR HYDRA LIFE COOLING HYDRATION SORBET EYE GEL 0.5 OZ (15 ML), 3348901379496, C099600030,62.00,40,37.10
,CLMOB1C,"CLARINS/BEAUTY FLASH BALM 1.7 OZ
BRIGHTENS, TIGHTENS", 3380810163483, 80028173,50.00,48,26.05
,CLMOB1D,"CLARINS/BEAUTY FLASH BALM 1.7 OZ
BRIGHTENS, TIGHTENS", 3666057059889, 80087595,50.00,46,26.80
,CLTRSR2,"CLARINS/PORE CONTROL SERUM 1.0 OZ
FOR ALL SKIN TYPES", 3380810219623, 80037370,59.00,59,23.95
,CLEDJABC1B,CLARINS/EAU DES JARDINS SMOOTHING BODY CREAM 6.7 OZ (200 ML), 3380810300352, 80050169,50.00,70,15.10
,CLEXTRCR12B,"CLARINS/EXTRA-FIRMING NIGHT CREAM 1.7 OZ (50 ML)
ALL SKIN TYPES", 3380810458930, 80076664,98.00,47,51.50
,CLNTLMCR1-Q,CLARINS/NUTRI-LUMIERE NIGHT CREAM 1.7 OZ, 3380810354331, 80058249,175.00,68,55.55
,CPL3-Q,"CLE DE PEAU BEAUTE/HYDRO-CLARIFYING LOTION 5.7 OZ (170 ML) 
NORMAL-OILY SKIN", 729238118270, 11827,150.00,64,53.51
,CPCR1-Q,CLE DE PEAU BEAUTE/INTENSIVE FORTIFYING CREAM 1.7 OZ (50 ML), 729238118355, 11835,180.00,53,85.16
,CPMO1-Q,CLE DE PEAU BEAUTE/INTENSIVE FORTIFYING EMULSION 4.2 OZ (125 ML), 729238118331, 11833,180.00,53,85.16
,CPSR3-Q,CLE DE PEAU BEAUTE ENERGIZING ESSENCE 2.5 OZ, 729238309203, 30920,135.00,50,67.59
,CPSR2-Q,CLE DE PEAU BEAUTE BODY SERUM 3.3 OZ (100 ML), 729238133044, 13304,205.00,58,85.16
,CPRDNTO1-Q,CLE DE PEAU BEAUTE/RADIANT MULTI-REPAIR OIL 2.5 OZ (75 ML), 729238159105, 15910,168.00,51,83.14
,CQCLF2,CLINIQUE/CLINIQUE FOAMING SONIC FACIAL SOAP 5.0 OZ, 020714672164, Z4KL,20.00,30,14.10
,CQCLDDG2-Q,CLINIQUE/CLINIQUE ID DRAMATICALLY DIFFERENT HYDRATING JELLY 3.9 OZ (115 ML), 020714949549, 94954,39.00,67,12.70
,CQCLIDCT2-Q,CLINIQUE/CLINIQUE ID ACTIVE CARTRIDGE CONCEN. FOR PORES & UNEVEN TEXTURE 0.34 OZ, 020714949556, KALG,15.00,36,9.55
,CQCLSMTR1,"CLINIQUE/SMART NIGHT CLINICAL MD MULTI-DIMENSIONAL REPAIR TREATMENT RETINOL 1OZ
FOR ALL SKIN TYPES", 192333054802, KT9L01,69.00,36,44.50
,CQDRDIMOG2,"CLINIQUE/DRAMATICALLY DIFFERENT MOISTURIZING GEL IN TUBE 1.7 OZ
COMBINATION OILY TO OILY", 020714222864, 6EM7-01,17.00,38,10.50
,CQEVCLSR2,CLINIQUE/EVEN BETTER CLINICAL RADICAL DARK SPOT CORRECTOR + INTERRUPTER 1.7 OZ, 192333027226, KNOY,85.00,39,51.95
,CQRWEACR6,"CLINIQUE/REPAIRWEAR UPLIFTING FIRMING CREAM SPF 15 1.7 OZ
DRY COMBINATION TO COMB. OIL", 020714540272, 7JJ1,72.00,45,39.45
,CQSMCLCR1,"CLINIQUE/SMART CLINICAL MD MULTI-DMNSNL AGE DUO RESCULPT+REVOLUMIZE 1.7 OZ
TWO MOISTURIZERS, ONE JAR
RESCULPT, REVOLUMIZE, RESHAPE", 020714985509, KHF5,72.00,42,41.95
,CQSMCLCR1-Q,"CLINIQUE/SMART CLINICAL MD MULTI-DMNSNL AGE DUO RESCULPT+REVOLUMIZE 1.7 OZ 
TWO MOISTURIZERS, ONE JAR
RESCULPT, REVOLUMIZE, RESHAPE", 020714985509, KHF5,72.00,35,46.50
,CQSUDECR2,"CLINIQUE/SUPERDEFENSE BROAD SPECTRUM SPF 25 MULTI-CORRECTING CREAM 1.7 OZ
FATIGUE+1ST SIGNS OF AGE
VERY DRY TO DRY SKIN", 020714904111, ,55.00,39,33.40
,CQSUDEG1,"CLINIQUE/SUPERDEFENSE SPF 40  MULTI-CORRECTING GEL 1.7 OZ
FATIGUE+1ST SIGNS OF AGE
FOR ALL SKIN TYPES", 020714858735, ,56.00,44,31.30
,CQTTDOCL2,"CLINIQUE/TAKE THE DAY OFF MAKEUP REMOVER 4.2 OZ
FOR LIDS, LASHES & LIPS", 020714146559, 60MK-01,23.50,41,13.95
,DERLUBR1,"DERMALUXE/ADVANCE CLEANSING SYSTEM (2 SPEEDS/4 CLEANSING HEADS)
FACE & BODY BRUSH ATTACHMENTS", 852308005177, 20423,25.00,90,2.40
,DERLUBR2,"DERMALUXE/ADVANCE CLEANSING SYSTEM (2 SPEEDS/4 CLEANSING HEADS)
FACE & BODY BRUSH ATTACHMENTS", 852308005184, 20425,25.00,87,3.25
,DERLUBR3,"DERMALUXE/ADVANCE CLEANSING SYSTEM (2 SPEEDS/4 CLEANSING HEADS)
FACE & BODY BRUSH ATTACHMENTS", 852308005191, 20424,25.00,85,3.75
,ELIZEC1-Q,ELIZABETH ARDEN/GOOD MORNING EYE TREATMENT 0.33 OZ (10 ML), 085805428990, 4289-400,45.00,61,17.70
,EACERACASR5,"ELIZABETH ARDEN/ADVANCED CERAMIDE CAPSULES DAILY YOUTH RESTORING EYE SERUM .35OZ
60 CAPSULES", 085805559090, A0107303,83.00,66,28.30
,EACERASR1-Q,"ELIZABETH ARDEN/VITAMIN C CERAMIDE CAPSULES RADIANCE RENEWAL SERUM 0.47 OZ 
30 Pieces", 085805231941, A0119546,54.00,76,13.20
,EACERACASR1,"ELIZABETH ARDEN/CERAMIDE CAPSULES DAILY YOUTH RESTORING SERUM 1.41 OZ
90 CAPSULES", 085805197841, A0104589,120.00,59,49.00
,EACERACASR3,"ELIZABETH ARDEN/ ADVANCED CERAMIDE CAPSULES DAILY YOUTH RESTORING SERUM .95 OZ
60 CAPSULES- FOR FACE", 085805574598, 284424,95.00,69,29.80
,EACERACA11,"ELIZABETH ARDEN/RETINOL CERAMIDE CAPSULES LINE ERASING NIGHT SERUM 1.41 OZ
90 CAPSULES", 085805231101, A0119122,120.00,60,47.50
,EACERACLCR2,ELIZABETH ARDEN/CERAMIDE PURIFYING CREAM CLEANSER 4.2 OZ, 085805304508, CERN40117,32.00,56,13.95
,EACERATO1,ELIZABETH ARDEN/CERAMIDE PURIFYING TONER 6.7 OZ (200 ML), 085805304706, CERN30118,32.00,57,13.85
,EACERAEC2,ELIZABTEH ARDEN/CERAMIDE PREMIERE REGENERATION EYE CREAM 0.5 OZ (15 ML), 085805118891, CERN40085,84.00,69,26.05
,EACERAEC3,ELIZABETH ARDEN/ADVANCED CERAMIDE LIFT AND FIRM EYE CREAM 0.5 OZ (15 ML), 085805410995, 2246832000,72.00,65,25.55
,EAEIHOCR2B,ELIZABETH ARDEN/EIGHT HOUR CREAM SKIN PROTECTANT 1.0 OZ, 085805546649, A0100155,15.00,38,9.25
,EAEIHOMS1,ELIZABETH ARDEN/EIGHT HOUR CREAM MIRACLE HYDRATING MIST 3.4 OZ (100 ML), 085805545932, 6LAH1,27.00,60,10.75
,EAEIHOLB1,"ELIZABETH ARDEN/EIGHT HOUR CREAM  LIP PROTECTANT STICK SPF 15 .13 OZ (3.7 ML)
SPF 15", 085805425302, EIGN10091,29.00,72,8.25
,EAEIHOO1,ELIZABETH ARDEN/EIGHT HOUR CREAM ALL OVER MIRACLE OIL 3.3 OZ (100 ML), 085805542689, EIGN40143,29.00,56,12.70
,EAEIHOHCR1,ELIZABETH ARDEN/EIGHT HOUR CREAM INTENSIVE MOISTURIZING HAND TREATMENT 2.3 OZ, 085805032999, EIGN40081,25.00,61,9.75
,EAPREVSR10,ELIZABETH ARDEN/PREVAGE ANTI AGING INTENSIVE REPAIR DAILY SERUM 1.0 OZ (30 ML), 085805144715, 40115,239.00,78,52.51
,EAPREVSR12,"ELIZABETH ARDEN/PREVAGE ANTI -AGING EYE SERUM 2.0,  0.6 OZ (20 ML)", 085805246808, 2246373000,106.00,62,39.95
,EASUPETRSR1,ELIZABETH ARDEN/SUPERSTART SKIN RENEWAL BOOSTER 1 OZ (30 ML), 085805189945, 18994,74.00,63,27.05
,EAVIDIMO1,"ELIZABETH ARDEN/VISIBLE DIFFERENCE BODY CARE LOTION  10.0 OZ
SPECIAL MOISTURE FORMULA
LIGHTLY SCENTED", 085805195984, A0104421,27.50,57,11.95
,ELANRESR13,"ESTEE LAUDER/ADVANCED NIGHT REPAIR SYNCHRONIZED MULTI-RECOVERY COMPLEX 1.0 OZ 
ALL SKIN TYPES", 887167485471, PG4Y,85.00,34,56.03
,ELPECLMKF2,ESTEE LAUDER/PERFECTLY CLEAN  MULTI-ACTION FOAM  CLEANSER PURIFYING MASK 5 OZ, 027131987840, YCE7,30.00,38,18.70
,ELPERPSR4,"ESTEE LAUDER/PERFECTIONIST PRO RAPID FIRM + LIFT TREATMENT 1.0 OZ (30)
ACETYL HEXAPEPTIDE-8", 887167351929, RY97,96.00,56,42.45
,ELPERPSR4-Q,"ESTEE LAUDER/PERFECTIONIST PRO RAPID FIRM + LIFT TREATMENT 1.0 OZ (30)
ACETYL HEXAPEPTIDE-8", 887167351929, ,96.00,75,24.05
,ELRENUCRG1-Q,ESTEE LAUDER/RE-NUTRIV CREAM GEL 1.7 OZ (50 ML), 887167250734, RH80,330.00,35,214.27
,GILIMPL3-A,GIVENCHY/L'INTEMPOREL GLOBAL YOUTH SMOOTHING EMULSION 1.7 OZ, 3274872362420, P056192,120.00,49,61.06
,GUERG1-Q,GUERLAIN/RADIANCE IN A FLASH INSTANT RADIANCE & TIGHTENING 0.5 OZ (15 ML), 3346470612204, ,30.00,78,6.75
,GNSUAQMK1,GUERLAIN/SUPER AQUA SHEET MASK X6 0.01OZ, 3346470603622, 3622,135.00,88,16.20
,H2OAQFSR1-Q,H2O PLUS/AQUAFIRM+ INTENSIVE LIFT SERUM 1.0 OZ, 764505202856, ,45.00,76,10.75
,H2OWAAL1-Q,H2O+/ WATERWHITE ADVANCED BRIGHTENING HYDRATOR LOTION SPF 30 1.3 OZ, 764505202504, 20250,42.00,64,15.20
,H2OWAASR1-Q,H2O PLUS/WATERWHITE ADVANCED DARK SPOT CORRECTOR SERUM 0.1 OZ, 764505202825, 20282,37.50,62,14.20
,H2OWAAEC1-Q,H2O+/ WATERWHITE ADVANCED BRIGHTENING EYE CREAM 0.5 OZ, 764505202528, ,35.00,69,10.75
,JEROBL2,JEROME MOMENTS LOTION/SPA LOTION FRAGRANCE-FREE 2.0 OZ (60 ML), 883991163608, 206301,12.00,90,1.15
,KLACLAMK2,KLAPP/A CLASSIC EFFECT MASK  1.7 OZ (50 ML), 4250094909802, 1811,96.00,51,46.70
,KLACLAG1,KLAPP/A CLASSIC HYDROGEL EYE PATCHES (5 X 2) 0.1 OZ (3 ML), 4250094944698, 1808,60.00,62,23.05
,KLACLAMK3,KLAPP/A CLASSIC EYE CARE MASK 1.0 OZ (30 ML) (U), 4250094909772, 1807,82.00,74,21.70
,KLASPECR3,KLAPP/ASA PEEL CARE CREAM 1.0 OZ (30 ML), 4250094900908, 1840,72.00,59,29.80
,KLASPESR1,KLAPP/ASA PEEL SERUM 1.0 OZ (30 ML), 4250094971977, 1844,175.00,52,83.90
,KLBETATO1,KLAPP/BETA GLUCAN TONIC 5.1 OZ (150 ML), 4250094911546, 1311,40.00,51,19.70
,KLCHYAMK3,KLAPP/CHI YANG ANTI-AGING MOISTURIZING HAND MASK (1 PAIR), 820455917070, 917070,15.00,68,4.75
,KLCLACCR1,"KLAPP/CLEAN & ACTIVE CREAM 1.7 OZ (50 ML)
PEELING", 4250094910877, 1204,50.00,87,6.75
,KLCLACTO2,KLAPP/CLEAN & ACTIVE EXFOLIATOR LOTION OILY SKIN 8.5 OZ (250 ML), 4250094946296, 1209,44.00,82,7.75
,KLCLACTR1,KLAPP/CLEAN & ACTIVE RETINOL PURE FLUID 1.0 OZ (30 ML), 4250094900328, 1814,116.00,63,42.95
,KLCLCAL1,KLAPP/CLINICAL CARE SURGERY LOTION LIGHT 1.0 OZ (30 ML), 4250254208196, HC3207,135.00,69,42.44
,KLCLCAL2,KLAPP/CLINICAL CARE SURGERY LOTION RICH 1.0 OZ (30 ML), 4250254208202, HC3208,135.00,69,42.44
,KLCLCASR1,KLAPP/CLINICAL CARE SURGERY EYE&SENSITIVE ZONES1.0 OZ (30 ML), 4250254208141, HC3201,150.00,72,42.45
,KLCLCASR3,KLAPP/CLINICAL CARE SURGERY FINE SKIN REFINING SERUM`1.0 OZ (30 ML), 4250254208134, HC3200,150.00,52,72.11
,KLCLCASR5,KLAPP/CLINICAL CARE SURGERY CELL BOOST+ 40 ENERGY SERUM 1.0 OZ (30 ML), 4250254208172, HC3205,150.00,52,72.11
,KLCSIIG1,KLAPP/CS III COLLAGEN STIMULATION TIMELESS TRANSFER LIFT GEL 50ml, 4250094936730, 1541,150.00,52,72.11
,KLIMMUSR2,KLAPP/IMMUN DETOX SERUM 1.0 OZ (30 ML), 4250094973650, 1709,60.00,51,29.30
,KLIMSUS2,KLAPP/IMMUN SUN SPF 30  BODY PROTECTION SPRAY 6.8 OZ (200 ML), 4250094975579, 1737,58.00,72,16.20
,KLKIWTO1,KLAPP/KIWICHA TONIC WATER 4.3 OZ (125 ML), 4250094977689, 2701,46.00,81,8.75
,KLPSCTO1,KLAPP/PSC ACTIVE SEBUM REDUCER 4.3 OZ (125 ML), 4250094911508, 1114,40.00,51,19.70
,KLSKCCCR2,KLAPP/SKINCONCELLULAR LIPID CREAM 1.7 OZ (50 ML), 4250094941970, 2504,50.00,82,9.15
,KLSKCCCR1,KLAPP/SKINCONCELLULAR MOIST CREAM 1.7 OZ (50 ML), 4250094941987, 2505,76.00,77,17.70
,KLSKCCTR1,KLAPP/SKINCONCELLULAR REPAIR TREATMENT 6 X .2 ML 0.4 OZ / 12 ML, 4250094933500, 2392,70.00,51,34.10
,KLSKCCTR2,KLAPP/SKINCONCELLULAR REFINER TREATMENT 6 X .2 ML  0.4 OZ / 12 ML, 4250094933531, 2395,70.00,85,10.75
,KLSKCCTR3,KLAPP/SKINCONCELLULAR PUSH UP CONCENTRATE TREATMENT 6 X .2 ML  0.4 OZ / 12 ML, 4250094933524, 2394,70.00,73,19.20
,KLSKCCEG1,KLAPP/SKINCONCELLULAR EYE CARE GEL 0.5 OZ (15 ML), 4250094942007, 2507,39.00,84,6.25
,KLXTRLCRG1,KLAPP/X-TREME HYDRA COMPLETE CREAM GEL 1.7 OZ (50 ML), 4250094924867, 1960,76.00,52,36.80
,LOIMMOSR3-Q,L'OCCITANE/IMMORTELLE OVERNIGHT RESET OIL-IN- SERUM 1.6 OZ (50 ML), 3253581721391, ,92.00,41,54.65
,LOVVHCRG1,L'OCCITANE/VERVEINE (VERBENA) HAND CREAM GEL 2.6 OZ (75 ML), 3253581764572, 15MA075VB23,26.00,54,11.88
,LPCELLL3,LA PRAIRIE/CELLULAR SOFTENING AND BALANCING LOTION 8.3 OZ, 7611773272476, 272476,215.00,38,132.70
,LPCELLSR12,LA PRAIRIE/PLATINUM RARE CELLULAR NIGHT ELIXIR .67 OZ (20 ML), 7611773085892, 085892,"1,385.00",67,458.99
,LPCELRMO1-Q,"LA PRAIRIE/CELLULAR RADIANCE MOISTURIZER FLUID 1.3 OZ (40 ML)
TIME-CORRECTING THERAPY", 7611773060486, 122191,575.00,68,183.08
,LPPTRAECT1-Q,LA PRAIRIE/PLATINUM RARE HAUTE-REJUVENATION EYE ELIXIR 0.5 OZ (15 ML), 7611773108874, ,"1,090.00",76,256.48
,LPPTRAEC1,LA PRAIRIE/PLATINUM RARE HAUTE-REJUVENATION EYE CREAM 0.67 OZ (20 ML), 7611773108799, 108799,"1,090.00",56,484.94
,LPPTRAEC1-Q,LA PRAIRIE/PLATINUM RARE HAUTE-REJUVENATION EYE CREAM 0.67 OZ (20 ML), 7611773108799, ,"1,090.00",69,335.39
,LPSKCACR7,"LA PRAIRIE/SKIN CAVIAR ABSOLUTE FILLER 2.0 OZ (60 ML)
VOLUME ENHANCING CREAM", 7611773107266, 060660,725.00,50,366.13
,LPSKCASR3B,LA PRAIRIE/SKIN CAVIAR LIQUID LIFT SERUM 1.7 OZ (50 ML), 7611773113892, ,785.00,53,372.56
,LPSKCACR5B,LA PRAIRIE/SKIN CAVIAR LUXE EYE LIFT CREAM .66 OZ, 7611773081559, 081559,435.00,43,247.91
,LPWHCAEC2B,"LA PRAIRIE/WHITE CAVIAR EYE EXTRAORDINAIRE 0.68 OZ (20 ML)
ILLUMINATING EYE CREAM", 7611773132107, 132107,630.00,59,255.97
,LANCATO1,LANCASTER/SOFTENING PERFECTING TONER 13.5 OZ (400 ML), 3414200380027, 99260069910,40.00,89,4.25
,LNCL11,"LANCOME/GALATEIS DOUCEUR 13.33 OZ
GENTLE SOFTENING CLEANSING
FLUID FOR FACE AND EYES", 3605530742580, L551140,52.00,54,24.05
,LNCL15,"LANCOME/BI-FACIL DOUBLE ACTION EYE MAKEUP REMOVER
NON OILY 
SENSITIVE EYES", 3147758030334, L969990,32.00,53,15.15
,LNABPPCL1-Q,LANCOME/ABSOLUE PRECIOUS PURE CLEANSING FOAM 5.0 OZ, 3605533272480, L523380,58.00,24,44.10
,LNGENISR4B-Q,LANCOME/GENIFIQUE ADVANCED YOUTH ACTIVATING CONCENTRATE SERUM 1.69  OZ, 3614272623538, ,105.00,41,62.06
,NARSEX1-Q,"NARS/DOUBLE REFINING  EXFOLIATOR 2.5 OZ (75 ML) 
OIL-FREE+ SOAP-FREE", 607845048039, 4803,34.00,80,6.75
,NARSL17-Q,"NARS/PURE RADIANT TINTED MOISTURIZER SPF30 (MARTINIQUE) 1.9 OZ (50 ML) 
MED/DEEP 3", 607845023586, ,45.00,65,15.70
,NARSL7-Q,"NARS/PURE RADIANT TINTED MOISTURIZER SPF30 (CUZCO) 1.9 OZ (50 ML) 
MEDIUM 1.5
NEUTRAL PINK/PEACHY", 607845023753, 2374,46.00,77,10.75
,NARSL12-Q,NARS CUBA MOISTURIZER LOTION 1.9 OZ (50 ML), 607845023555, 2325,46.00,66,15.70
,NARSEG1,NARS/LIGHT REFLECTING EYE AND LASH GEL 0.5 OZ (15 ML), 194251039480, 039480,60.00,44,33.50
,NACHGACRG1-Q,NARS/CHARLOTTE GAINSBOURG MEDIUM-DARK MOISTURIZER CREAM 1.01 OZ (30 ML), 607845070009, 7000,36.00,90,3.75
,NACHGACRG4-Q,NARS/CHARLOTTE GAINSBOURG MEDIUM MOISTURIZER CREAM 1.01 OZ (30 ML), 607845069997, 6999,36.00,81,6.75
,OSRENVEC1-Q,OSMOTICS COSMECEUTICALS/RENOVAGE+RETINOL CREAM 0.5 OZ (15 ML), 708519154213, ,78.00,51,38.05
,PECOPPEC2-Q,PERRICONE MD/COLD PLASMA PLUS ADVANCED EYE CREAM 0.5 OZ (15 ML), 651473534204, ,110.00,52,53.00
,SHISMOL2-Q,"SHISEIDO/TREATMENT SOFTENER 5 OZ (150 ML) 
NORMAL, COMBINATION TO OILY", 730852145313, 14531,50.00,70,15.10
,SHBENESR1-Q,"SHISEIDO/BENEFIANCE SERUM .53 OZ (15 ML)
PRO-FORTIFYING", 729238191129, 19112,80.00,73,21.70
,SHBIPESR3-Q,SHISEIDO/BIO-PERFORMANCE SERUM 1.0 OZ (30 ML), 730852119673, 11967,100.00,65,34.55
,SHBIPESR4-Q,"SHISEIDO/BIO-PERFORMANCE SERUM 1.0 OZ (30 ML)
UNEVENESS,REDNESS WRINKLES
PORES", 730852114807, 11480,98.00,69,30.30
,SHBIPEEC2-Q,"SHISEIDO/BIO-PERFORMANCE EYE CREAM .54 OZ (15 ML)
MULTI-CAPISISOLVE 1124", 730852119581, 11958,72.00,67,23.55
,SHESENCR1-Q,SHISEIDO/ESSENTIAL ENERGY DAY CREAM SPF 20 1.7 OZ (50 ML), 730852143234, 14323,50.00,63,18.70
,SHESENCR2-Q,SHISEIDO/ESSENTIAL ENERGY EYE DEFINER (EYE CREAM) .55 OZ (15 ML), 730852146624, 14662,44.00,56,19.20
,SHESSECLCR1B-Q,SHISEIDO/ESSENTIALS GENTLE CLEANSING CREAM 4.3 OZ (125 ML), 729238143425, 14342,30.00,68,9.55
,SHEUMIL2-Q,"SHISEIDO/EUDERMINE MOISTURIZER LOTION 4.2 OZ (125 ML)
FOR FACE AND NECK", 768614110019, ,62.00,55,27.80
,SHFUSOCR1,SHISEIDO/FUTURE SOLUTION LX EYE& LIP CONTOUR REGENERATING CREAM .6 OZ (15 ML), 730852139220, 13922,155.00,50,77.95
,SHFUSOL3-Q,SHISEIDO/FUTURE SOLUTION LX SPF 18 TOTAL PROTECTION EMULSION 2.5 OZ (75 ML), 730852109483, 10948,270.00,47,142.56
,SHFUSOSR2-Q,SHISEIDO/FUTURE SOLUTION LX  SUPERIOR RADIANCE SERUM 1.0 OZ (30 ML), 729238105379, 10537,225.00,58,95.24
,SHULMUSRCT1B-Q,SHISEIDO/ULTIMUNE POWER INFUSING CONCENTRATE SERUM 1.6 OZ (50 ML), 730852145344, ,110.00,72,30.80
,SHVIPEMK1-Q,SHISEIDO/VITAL PERFECTION LIFTDEFINE RADIANCE FACE MASK 2 X 6 SHEETS, 729238169579, 10116957101,105.00,70,31.25
,SHWAFRL1-Q,SHISEIDO/WASO FRESH LOTION 5.0 OZ (150 ML), 730852139664, 13966,32.00,73,8.75
,SHWASOMK2-Q,SHISEIDO/WASO BEAUTY SLEEPING MASK 2.8 OZ (80 ML), 729238149359, 14935,38.00,67,12.50
,SHWASOMK1-Q,SHISEIDO/WASO PURIFYING PEEL OFF MASK 3.3 OZ (100 ML), 729238149366, 14936,32.00,73,8.70
,SHWHLUMO1-Q,SHISEIDO/WHITE LUCENT ALL DAY BRIGHTENER MOISTURIZER 1.8 OZ (50 ML), 730852134843, 13484,62.00,69,19.40
,SHWHLUSR3,SHISEIDO/WHITE LUCENT ILLUMINATING MICRO SPOT SERUM 1.0 OZ (30 ML), 730852160439, 16043,135.00,45,73.60
,LNDUO26-D,"GENIFIQUE/LANCOME SET DAMAGED (M)
GENIFIQUE ANTI AGING SERUM CONCENTRATE 1.7 OZ   X2", 3605972351203, ,172.00,35,111.46
,KLMG1,KLAPP MEN WASH & SHAVE 2-IN-1 FOAM GEL 3.4 OZ (100 ML), 4250094975043, 4359,60.00,41,35.60
,SHMCR1B-Q,"SHISEIDO/SHISEIDO MEN TOTAL REVITALIZER EYE .53 OZ (15 ML)
ANTI-WRINKLE- ANTI BAGS", 729238143838, 14383,48.00,63,17.70
,AUBM2,"AUBUSSON GROOMING ADVANCED BEARD KIT SYSTEM/AUBUSSON SET (M)
MAN. AUBUSSON SHAVE GEL 3.4 OZ
MAN. AUBUSSON BEARD OIL 1.0 OZ
MAN. AUBUSSON BODY WASH GEL 4.2 OZ
MAN. AUBUSSON COMB", 849017006465, 04X1002,45.00,86,6.50
,BARE39-Q,"BAREMINERALS/TREAT YOURSELF 3-PIECE ALL ABOUT YOU KIT
GEN NUDE PATENT LIP LACQUER CANT EVEN UNBOXED  0.12 OZ
BARE HAVEN MOISTURIZING SOFT CREAM UNBOXED 1 OZ
SKINLONGEVITY VITAL POWER INFUSION UNBOXED 0.25 OZ
IN BOX", 098132559541, ,30.00,91,2.75
,CP1-Q,"CLE DE PEAU BEAUTE/MICRO-REFINING TREATMENT
MICRO-REFINING EXFOLIATOR 1.5 OZ
SOOTHING MOISTURE SHEET MASKS", 729238306479, ,200.00,44,112.26
,EAEIHO2,"ELIZABETH ARDEN/EIGHT HOUR CREAM SET
EIGHT HOUR SKIN PROTECTANT 1.7 OZ
EIGHT HOUR CREAM INTENSIVE MOISTURIZING  HAND TREATMENT 1.0 OZ
EIGHT HOUR CREAM LIP BALM STICK .13 OZ", 085805193652, ,58.50,67,19.20
,EAPREV5,"ELIZABETH ARDEN/PREVAGE PROGRESSIVE RENEWAL TREATMENT ANTI-AGING SET (W)
PREVAGE ANTI AGING TREATMENT PHASE 1 0.33 OZ
PREVAGE ANTI AGING TREATMENT PHASE 2 0.33 OZ
PREVAGE ANTI AGING TREATMENT PHASE 3 0.33 OZ
PREVAGE ANTI AGING TREATMENT PHASE 4 0.33 OZ
4 WEEK TREATMENT", 085805553609, N19222AEL,169.00,57,72.91
,EL36B-Q,"ESTEE LAUDER/MEET YOUR MATCH DOUBLE WEAR MAKEUP KIT
ADVANCED NIGHT REPAIR SYNCHRONIZED RECOVERY COMPLEX II 0.5OZ
THE SMOOTHER UNIVERSAL PERFECTING PRIMER 0.5 OZ
DOUBLE WEAR STAY-IN-PLACE MAKEUP 1.0 OZ (CHOOSE YOUR SHADE)
DUAL ENDED FOUNDATION BRUSH 
CHOOSE YOUR SHADE", 887167398214, ,54.00,31,37.16
,ELRENU1,"ESTEE LAUDER/THE SECRET OF INFINITE BEAUTY ULTIMATE LIFT REGEN YOUTH COLLECTION
RE-NUTRIV ULTIMATE LIFT REGENERATING YOUTH EYE CREME 0.5
RE-NUTRIV ULTIMATE LIFT REGENERATING YOUTH CREAM 0.24 OZ
RE-NUTRIV INTENSIVE SOFTENING LOTION 1.7 OZ
RE-NUTRIV TRAVEL CASE", 887167465039, ,170.00,28,122.89
,H2O2-Q,"H2O+/AQUALIBRUM SKINCARE MUST-HAVES SET
DUAL-ACTION EYE MAKEUP REMOVER 1.35 OZ
TREATMENT CLEANSER GEL 2.0 OZ
SEA MINERAL EXFOLIATING SCRUB 2.0 OZ
MARINE HYDRATING TREATMENT MASK 2.0  OZ
TREATMENT TONER 1.7 OZ", 764505710030, 08471003002,29.50,69,9.00
,H2O1-Q,"H2O+/FACE OASIS INTENSIVE HYDRATION SYSTEM SET
OASIS MIST 1.7 OZ
OASIS TREATMENT SERUM 0.85 OZ
OASIS TREATMENT GEL 1.7 OZ
OASIS EYE CARE MOISTURIZER 0.24 OZ
FOR NORMAL/OILY SKIN", 764505710023, 71002,64.00,56,27.90
,SHIS12-Q,"SHISEIDO/GINZA TOKYO BENEFIANCE WRINKLE SMOOTH EYE 3 PC. SET
BENEFIANCE WRINKLE SMOOTHING EYE CREAM 0.51 OZ
ULTIMUNE  POWER INFUSING EYE CONCENTRATE SERUM UNBOXED .18 OZ
BENEFIANCE WRINKLE RESIST 24 PURE RETINOL EYE MASK UNBOXED 
$112 VALUE", 777531903284, 90328,80.00,61,31.30
,SHIS19-Q,"SHISEIDO/GINZA TOKYO BIO PERFORMANCE LIFTDYNAMIC SERUM 4 PC. SET
BIO-PERFORMANCE LIFTDYNAMIC SERUM 1.0 OZ
BENEFIANCE EXTRA CREAMY CLEANSING FOAM 1.0 OZ UNBOXED
ULTIMUNE POWER INFUSING CONCENTRATE SERUM UNBOXED .33 OZ
BENEFIANCEWRINKLE RESIST 24 BALANCING LOTION 0.23 OZ UNBOXED
$165 VALUE
GIFT BOX", 777531490050, 49005,127.00,52,61.20
,SHIS11-Q,"SHISEIDO/TOKYO MOMENTS 4 PC. SET
ESSENTIAL ENERGY DAY CREAM SPF 20 1.7 OZ
GINZA TOKYO OIL CONTROL BLOTTING PAPER 100 SHEETS
ULTIMUNE POWER INFUSING CONCENTRATE SERUM UNBOXED .33 OZ
 CLARIFYING CLEANSING FOAM UNBOXED 1.8 OZ
$132 VALUE", 777531491590, 49159,64.00,56,28.30
,SHIS24-Q,"SHISEIDO/GINZA TOKYO 3 PC. SET
ULTIMUNE POWER INFUSING CONCENTRATE SERUM 1 OZ 
ULTIMUNE POWER INFUSING EYE CONCENTRATE SERUM .54 OZ
CLARIFYING CLEANSING FOAM UNBOXED .55 OZ
RED CASE", , 90319,135.00,52,65.35
,SHIS25-Q,"SHISEIDO/ 5TH ANNIVERSARY 4 PC. SET
ULTIMUNE POWER INFUSING CONCENTRATE SERUM 1 OZ 
ULTIMUNE POWER INFUSING EYE CONCENTRATE SERUM .54 OZ
CLARIFYING CLEANSING FOAM UNBOXED .55 OZ
 TREATMENT SOFTENER LOTION 2.5 OZ
RED CASE", 147, 741,135.00,52,65.35
,SHIS13-Q,"SHISEIDO/GINZA TOKYO SHINING BRIGHT SKINCARE REGIME 4 PC. SET
WHITE LUCENT ILLUMINATING MICRO SPOT SERUM 1.0 OZ
ULTIMUNE POWER INFUSING CONCENTRATE SERUM UNBOXED 0.33 OZ
WHITE LUCENT BRIGHTENING GEL CREAM .53 OZ UNBOXED
 REVITALIZING TREATMENT SOFTENER 2.5 OZ UNBOXED
$267 VALUE", 777531491569, 49156,175.00,52,83.90
,SHIS16-Q,"SHISEIDO/GINZA TOKYO WRINKLE SMOOTHING 3 PC. SET
CLARIFYING CLEANSING FOAM UNBOXED 1.8 OZ 
TREATMENT SOFTENER 2.5 OZ UNBOXED 
BENEFIANCE WRINKLE SMOOTHING CREAM 1.7 OZ
IN LUCITE CASE
$138 VALUE", 777531903000, 90300,85.00,57,36.60
,SHIS17-Q,"SHISEIDO/GINZA TOKYO SAKURA BRIGHTENING 3 PC. SET
CLARIFYING CLEANSING FOAM 1.8 OZ UNBOXED
 TREATMENT SOFTENER 2.5 OZ UNBOXED
WHITE LUCENT BRIGHTENING GEL CREAM 1.7 OZ
IN LUCITE CASE
$142 VALUE", 777531903079, 90307,88.00,57,37.60
,SHIS23-Q,"SHISEIDO/GINZA TOKYO ILLUMINATE YOUR SKIN 3 PC. SET
ESSENTIAL ENERGY MOISTURIZING CREAM 1.7 OZ UNBOXED 
AURA DEW - FACE,EYES,LIPS (SOLAR)  .16 OZ
ULTIMUNE POWER INFUSING CONCENTRATE SERUM UNBOXED .33 OZ
$127 VALUE", 777531490999, 49099,64.00,51,31.10
,SHFUSO2-Q,"FUTURE SOLUTION LX/SHISEIDO TRAVEL COLLECTION
FUTURE SOLUTION LX EXTRA RICH CLEANSING FOAM UNBOXED 1.8 OZ
FUTURE SOLUTION LX CONCENTRATED BALANCING SOFTENER UNBOXED 2.5 OZ
FUTURE SOLUTION LX TOTAL REGENERATING CREAM 0.50 OZ
FUTURE SOLUTION LX TOTAL PROTECTIVE CREAM SPF 20 UNBOXED 0.53 OZ
 POUCH", 726508000280, 72100028101,150.00,57,64.05
,SHWASO3-Q,"SHISEIDO/WASO GINZA TOKYO ROMANTIC DREAM SKINCARE 3 PC. SET
WASO CLEAR MEGA HYDRATING CREAM 1.8 OZ
WASO GINZA TOKYO RESET CLEANSER ROMANTIC DREAM 2.3 OZ UNBOXED
ULTIMUNE POWER INFUSING CONCENTRATE SERUM 0.16 OZ UNBOXED
$71 VALUE
ORANGE BAG", 777531491538, 49153,48.00,51,23.65
,SHWASO3B-Q,"SHISEIDO/WASO GINZA TOKYO ROMANTIC DREAM SKINCARE 3 PC. SET
 CREAM 1.8 OZ
 CLEANSER 2.3 OZ
 CONCENTRATE SERUM 0.16 OZ
$71 VALUE
CLEAR BAG", , ,48.00,51,23.65
,SHWASO2-Q,"SHISEIDO/WASO GINZA TOKYO WILD GARDEN SKINCARE 3 PC. SET
WASO BEAUTY SLEEPING MASK 2.8 OZ
ASO GINZA TOKYO RESET CLEANSER WILD GARDEN 2.3 OZ UNBOXED
ULTIMUNE POWER INFUSING CONCENTRATE SERUM 0.16 OZ", 777531491552, ,50.00,51,24.55
,SHWASO1-Q,"SHISEIDO/WASO DELICIOUS SKIN BENTO BOX
WASO QUICK GENTLE CLEANSER GEL UNBOXED 1.6 OZ
WASO FRESH JELLY LOTION UNBOXED 1.6 OZ
WASO CLEAR MEGA HYDRATING CREAM UNBOXED 0.56 OZ", 729238142268, ,35.00,40,20.95
,BIAQSOG2-U,"BIOTHERM/AQUASOURCE NIGHT HIGH DENSITY HYDRATING JELLY UNBOXED 0.67 OZ
360° EYE HYDRA-MASSAGER", , L34195,10.00,73,2.75
,CQDRDIG3-V,CLINIQUE/DRAMATICALLY DIFFERENT HYDRATING JELLY 6.7 OZ (200 ML) NO CAP UNBOXED, 192333004951, ,39.00,64,14.20
,CQFRPSR2-U,"CLINIQUE/FRESH PRESSED DAILY BOOSTER WITH PURE VITAMIN C UNBOXED .29 OZ (8.5ML)
BRIGHTEN, EVEN, RETEXTURIZE", 020714804473, ZN9G,22.00,56,9.75
,GSMOL1-U,GOOD SKIN/PERFECT BALANCE MOISTURE LOTION SPF 15 UNBOXED 1.7 OZ, , #H02T,16.00,89,1.70
,H2OOASG1-UQJ,H2O+/OASIS FACE SHINE NEUTRALIZING GEL UNBOXED 0.27 OZ, 764505202450, 20245,5.00,69,1.55
,H2OOASG3-UQJ,H2O+/FACE OASIS HYDRATING TREATMENT UNBOXED 0.27 OZ, , 65500,5.00,69,1.55
,H2OOASMO3-U,H2O+/EYE OASIS MOISTURE REPLENISHING TREATMENT UNBOXED 0.24 OZ, , ,12.00,52,5.75
,KLHYMSG1-U,KLAPP/HYALURONIC MULTIPLE EFFECT SHOWER GEL UNBOXED 6.8 OZ (200 ML), , 2537,40.00,87,5.25
,LNGENIEC4-U,"LANCOME/ADVANCED GÉNIFIQUE YEUX EYE CREAM UNBOXED 0.2 OZ (6 ML)
YOUTH ACTIVATING", , ,45.00,73,12.10
,LNGENISR1-U,LANCOME/GENIFIQUE YOUTH ACTIVATING CONCENTRATE SERUM UNBOXED 1.0 OZ, 3605531665383, 61219700,84.00,54,38.95
,BAMDFOMK1-U,MD FORMULATIONS/VIT-A-PLUS ILLUMINATING MASQUE UNBOXED 6 OZ (180 ML), 098132116850, 33385,18.00,82,3.25
,SHULMUSRCT4-U,SHISEIDO/ULTIMUNE POWER INFUSING CONCENTRATE SERUM UNBOXED .33 OZ (10 ML), , ,40.00,67,13.20
,ANASFO22-Q,ANASTASIA BEVERLY HILLS/LUMINOUS FOUNDATION 1 OZ/30ML #590C, 689304360463, ,38.00,40,22.95
,ANASFO26-Q,ANASTASIA BEVERLY HILLS/LUMINOUS FOUNDATION 1 OZ/30ML 580W, 689304360456, ,38.00,40,22.95
,ANASFO29-Q,ANASTASIA BEVERLY HILLS/LUMINOUS FOUNDATION 1 OZ/30ML 360C, 689304360081, ,38.00,40,22.95
,ANASFO32-Q,ANASTASIA BEVERLY HILLS/LUMINOUS FOUNDATION 1 OZ/30ML 332C, 689304360210, ,38.00,40,22.95
,ANASFO41-Q,ANASTASIA BEVERLY HILLS/LUMINOUS FOUNDATION 1 OZ/30ML 400N, 689304360098, ,38.00,40,22.95
,ANASFO43-Q,ANASTASIA BEVERLY HILLS/LUMINOUS FOUNDATION 1 OZ/30ML 345C, 689304360043, ,38.00,40,22.95
,ANASFO47-Q,ANASTASIA BEVERLY HILLS/LUMINOUS FOUNDATION 1 OZ/30ML 540W, 689304360173, ,38.00,40,22.95
,ANASFO52-Q,ANASTASIA BEVERLY HILLS/LUMINOUS FOUNDATION 1 OZ/30ML 335W, 689304360364, ,38.00,40,22.95
,ANASFO53-Q,ANASTASIA BEVERLY HILLS/LUMINOUS FOUNDATION 1 OZ/30ML 510W, 689304360272, ,38.00,82,6.75
,ANASFO54-Q,ANASTASIA BEVERLY HILLS/LUMINOUS FOUNDATION 1 OZ/30ML 370W, 689304360333, ,38.00,80,7.70
,ANASFO57-Q,ANASTASIA BEVERLY HILLS/LUMINOUS FOUNDATION 1 OZ/30ML 530N, 689304360500, ,38.00,40,22.95
,ANASFO58-Q,ANASTASIA BEVERLY HILLS/LUMINOUS FOUNDATION 1 OZ/30ML 430N, 689304360449, ,38.00,80,7.70
,ANASFO60-Q,ANASTASIA BEVERLY HILLS/LUMINOUS FOUNDATION 1 OZ/30ML 550W, 689304360425, ,38.00,80,7.70
,ANASFO62-Q,ANASTASIA BEVERLY HILLS/LUMINOUS FOUNDATION 1 OZ/30ML 520W, 689304360289, ,38.00,80,7.65
,ANASFO64-Q,ANASTASIA BEVERLY HILLS/LUMINOUS FOUNDATION 1 OZ/30ML 355N, 689304360395, ,38.00,40,22.95
,ANASFO65-Q,ANASTASIA BEVERLY HILLS/LUMINOUS FOUNDATION 1 OZ/30ML, 689304360265, ,38.00,82,6.75
,ANASFO74-Q,ANASTASIA BEVERLY HILLS/LUMINOUS FOUNDATION (450C) 1.0 OZ (30 ML), 689304360401, ,38.00,40,22.95
,ANASFO75-Q,ANASTASIA BEVERLY HILLS/LUMINOUS FOUNDATION (470C) 1.0 OZ (30 ML), 689304360494, ,38.00,40,22.95
,ANASLP1,"ANASTASIA BEVERLY HILLS/LOOSE SETTING POWDER (DEEP PEACH) 0.9 OZ
WARM PEACH", 689304250030, ABH10-25003,38.00,57,16.20
,ANASBRP29-Q,ANASTASIA BEVERLY HILLS/BROW DEFINER PENCIL EBONY 0.007 OZ/0.2G, 689304044042, ,23.00,40,13.85
,ANASES14-Q,ANASTASIA BEVERLY HILLS/EYE SHADOW (RED EARTH) 0.06 OZ (1.7 ML), 689304152655, ,12.00,65,4.25
,ANASES33-Q,ANASTASIA BEVERLY HILLS/EYE SHADOW (DRAGONFLY) 0.06 OZ (1.7 ML), 689304152396, ,12.00,39,7.35
,ANASLS18-Q,ANASTASIA BEVERLY HILLS/ LIQUID LIPSTICK AMERICAN DOLL 0.11 OZ (3.2 ML), 689304320115, ,20.00,39,12.20
,ANASLS23-Q,ANASTASIA BEVERLY HILLS/ LIQUID LIPSTICK POET 0.11 OZ (3.2 ML), 689304321198, ,20.00,39,12.20
,ANASLS26-Q,ANASTASIA BEVERLY HILLS/ LIQUID LIPSTICK VERONICA  0.11 OZ (3.2 ML), 689304320467, ,20.00,39,12.20
,ANASLS9-Q,ANASTASIA BEVERLY HILLS/ LIQUID LIPSTICK TRUST ISSUES 0.11 OZ (3.2 ML), 689304320450, ,20.00,39,12.20
,ARMEBRNP1,"ARTMATIC/MEGA BRILLIANCE NAIL POLISH 72 PCS ASSORTED COLORS 0.29 OZ EA (8.5 ML)
INDIVIDUALLY CARDED
UPC: 073911990036", 073911990036, 91789,143.28,99,1.65
,ARMERENP1,"ARTMATIC/MEGA REFLECT NAIL POLISH 72 PCS ASSORTED COLORS .39 OZ EA (11.5 ML)
INDIVIDUALLY CARDED
UPC: 073911990128", 073911990128, NA,143.28,98,2.75
,ARMIFINP1,"ARTMATIC/MIRROR FINISH NAIL POLISH 72 PCS ASSORTED COLORS 0.32 OZ (9.5 ML)
INDIVIDUALLY CARDED
UPC: 073911990081", 073911990081, 1301-99008,143.28,99,1.65
,BAREFO44-Q,"BAREMINERALS/LOOSE POWDER MATTE FOUNDATION NEUTRAL DARK (24) 0.21 OZ 
SPF15", 098132499786, 84258,29.00,84,4.65
,BAREFO50-Q,"BAREMINERALS/LOOSE POWDER MATTE FOUNDATION DEEPEST DEEP (30) 0.21 OZ 
SPF15", 098132236800, 57991,29.00,82,5.25
,BARECPL4-Q,"BAREMINERALS/NORTHERN LIGHTS NUDE GEN NUDE & CHEEK PALETTE 
2 EYESHADOW, 1 BLUSH", 098132537709, 87653,12.00,62,4.60
,BABERECN1-Q,BAREMINERALS/BLEMISH RESCUE SKIN CLEARING SPOT CONCEALER (DEEP 6C) 0.06 OZ, 098132527779, 86658,22.00,79,4.60
,BABERECN4-Q,BAREMINERALS/BLEMISH RESCUE SKIN CLEARING SPOT CONCEALER (DARK/DEEP 5.5 N).06 OZ, 098132527762, ,22.00,67,7.35
,BABERECN6-Q,BAREMINERALS/BLEMISH RESCUE SKIN CLEARING SPOT CONCEALER (TAN/DARK 4.5N) 0.06 OZ, 098132525751, ,22.00,79,4.60
,BABEREFOPW11-Q,BAREMINERALS/BLEMISH RESCUE SKIN CLEARING FOUNDATION (5.5NW NEUTRAL DEEP) .21 OZ, 098132524860, 86402,29.00,67,9.45
,BAREBOH1-Q,BAREMINERALS/BAREPRO GLOW HIGHLIGHTER (WHIMSY) 0.5 OZ (14 ML), 098132550609, ,29.00,66,9.75
,BAREBOH4-Q,BAREMINERALS/BAREPRO GLOW HIGHLIGHTER (FIERCE) 0.5 OZ (14 ML), 098132550654, ,29.00,67,9.45
,BAREBOLS17-Q,BAREMINERALS/BAREPRO LONGWEAR  LIPSTICK (CAMELLIA) 0.07 OZ (2 ML), 098132533121, 99698,20.00,66,6.75
,BAREBOLS2-Q,BAREMINERALS/BAREPRO LONGWEAR  LIPSTICK PETUNIA  0.07 OZ (2 ML), 098132533305, 86984,20.00,77,4.60
,BAREBPFO40-Q,BAREMINERALS/BAREPRO PERFORMANCE WEAR PRESSED PWDR FOUNDATION COCOA 0.34, 098132475445, 81825,31.00,79,6.60
,BAREBSKCN1-Q,"BAREMINERALS/BARESKIN COMPLETE COVERAGE SERUM CONCEALER DARK TO DEEP 0.2 OZ 
BROWN", 098132442157, 78498,22.00,62,8.45
,BARECRFO12-Q,"BAREMINERALS/COMPLEXION RESCUE HYDRATING FOUNDATION STICK (SIENNA 10) 0.35 OZ 
SPF 25", 098132543182, ,33.00,68,10.65
,BARECRFO14-Q,"BAREMINERALS/COMPLEXION RESCUE HYDRATING FOUNDATION STICK (MAHOGANY 11.5) .35 OZ
SPF 25", 098132543212, ,33.00,68,10.65
,BARECRFO1B-Q,"BAREMINERALS/COMPLEXION RESCUE HYDRATING FOUNDATION STICK (CEDAR 11) 0.35 OZ 
SPF 25", 098132543205, 87945,33.00,68,10.65
,BAREDEFO7B-Q,BAREMINERALS/DELUXE COLLECTOR'S EDITION ORIGINAL FOUNDATION (GOLDEN DARK) .6 OZ, 098132570348, ,46.00,92,3.65
,BAREGCES2-Q,BAREMINERALS/GEN NUDE METALLIC LIQUID EYE SHADOW (FIRE AGATE) 0.11 OZ (3.3 ML), 098132555536, BE91179,22.00,78,4.75
,BAREGPLS11-Q,"BAREMINERALS/GEN NUDE PATENT LIP LACQUER PERF 0.12 OZ (3.5 ML)
HIGH SHINE LIQUID LIPSTICK
RICH CHESTNUT", 098132518937, ,19.00,74,5.00
,BAREGPLS13-Q,"BAREMINERALS/GEN NUDE PATENT LIP LACQUER WERK 0.12 OZ (3.5 ML)
HIGH SHINE LIQUID LIPSTICK
RICH RAISIN", 098132518807, ,19.00,66,6.45
,BAREGPLS19-Q,BAREMINERALS/GEN NUDE PATENT LIP LACQUER BLUSH SAPPHIRE 0.12 OZ (3.7 ML), 098132553341, ,19.00,81,3.70
,BAREGPLS20-Q,BAREMINERALS/GEN NUDE PATENT LIP LACQUER CHOCOLATE DIAMOND 0.12 OZ (3.7 ML), 098132553501, ,19.00,86,2.65
,BAREGPLS21-Q,BAREMINERALS/GEN NUDE PATENT LIP LACQUER ROSE QUARTZ 0.12 OZ (3.7 ML), 098132553389, ,19.00,83,3.25
,BAREGPLS24-Q,BAREMINERALS/GEN NUDE PATENT LIP LACQUER RUBELLITE 0.12 OZ (3.7 ML), 098132553402, ,19.00,88,2.35
,BAREGPLS25-Q,BAREMINERALS/GEN NUDE PATENT LIP LACQUER AMBER 0.12 OZ (3.7 ML), 098132553464, ,19.00,83,3.25
,BAREGPLS26-Q,BAREMINERALS/GEN NUDE PATENT LIP LACQUER BRONZITE 0.12 OZ (3.7 ML), 098132553525, ,19.00,81,3.65
,BAREGPLS27-Q,BAREMINERALS/GEN NUDE PATENT LIP LACQUER DREAM QUARTZ 0.12 OZ (3.7 ML), 098132553440, ,19.00,87,2.55
,BAREGPLS6-Q,"BAREMINERALS/GEN NUDE PATENTLIP LACQUER SAVAGE 0.12 OZ (3.5 ML)
HIGH SHINE LIQUID LIPSTICK
INTENSE COCOA BROWN", 098132518944, ,19.00,83,3.20
,BARESMLS10-Q,BAREMINERALS/STATEMENT MATTE JUICY LIPSTICK LIQUID 0.13 OZ (4 ML), 098132486151, ,19.00,61,7.40
,BARESMLS4-Q,BAREMINERALS/STATEMENT MATTE FIRE LIPSTICK LIQUID 0.13 OZ (4 ML), 098132486144, ,19.00,76,4.65
,BARESMLS5-Q,BAREMINERALS/STATEMENT MATTE VIP LIPSTICK LIQUID 0.13 OZ (4 ML), 098132486137, 82893,19.00,78,4.15
,BARESMLS8-Q,BAREMINERALS/STATEMENT MATTE FRESH LIPSTICK LIQUID 0.13 OZ (4 ML), 098132486175, ,19.00,78,4.25
,BARESMLS9-Q,BAREMINERALS/STATEMENT MATTE SHAMELESS LIPSTICK LIQUID 0.13 OZ (4 ML), 098132486182, ,19.00,74,5.00
,BARESULL1-Q,BAREMINERALS/STATEMENT UNDER OVER 100% RED LIP LINER 0.05 OZ (1.5 ML), 098132486564, ,16.00,65,5.55
,BARESULL2-Q,BAREMINERALS/STATEMENT UNDER OVER WIRED LIP LINER 0.05 OZ (1.5 ML), 098132486571, ,16.00,86,2.25
,BARESULL3-Q,BAREMINERALS/STATEMENT UNDER OVER (GENIUS) LIP LINER 0.05 OZ (1.5 ML), 098132486588, 82938,16.00,71,4.70
,BARESULL5-Q,BAREMINERALS/STATEMENT UNDER OVER KISS-A-THON LIP LINER 0.05 OZ (1.5 ML), 098132486601, ,16.00,77,3.65
,BARESXLS4-Q,BAREMINERALS/STATEMENT LUXE-SHINE FLASH LIPSTICK 0.12 OZ (3.5 ML), 098132485963, 82876,20.00,61,7.75
,BBRETOCN2-Q,BOBBI BROWN/RETOUCHING MEDIUM TO DARK CONCEALER 0.10 OZ (3 ML), 716170170466, EFML-06,42.00,79,8.75
,BBSKFO3-Q,BOBBI BROWN/SKIN FOUNDATION STICK (6.75) GOLDEN ALMOND 0.31 OZ (9 ML), 716170129952, EA6C-27,49.00,51,23.95
,BOUROEDLG2,BOURJOIS PARIS/ROUGE EDITION AQUA LAQUE LIP GLOSS 08- BABE IDOLE 0.2 OZ (7 ML), 3052503264806, 264806,17.99,91,1.55
,BOUROEDLG3,BOURJOIS PARIS/ROUGE EDITION AQUA LAQUE LIP GLOSS 03 BRUN'CROYABLE 0.2 OZ (7 ML), 3052503264301, 264301,17.99,90,1.85
,BUXOCS1,"BUXOM/CUSTOMIZABLE EYESHADOW PALETTE
ADD IN YOUR OWN EYESHADOWS", 098132407262, 44692,40.00,93,2.70
,BUXOCS1-Q,"BUXOM/CUSTOMIZABLE EYESHADOW PALETTE
ADD IN YOUR OWN EYESHADOWS", 098132407262, 44692,40.00,92,3.25
,BUXOCPL7,BUXOM/XTROVERT EYESHADOW PALETTE, 194249000386, ,39.00,56,17.30
,BUXOCPL7-Q,BUXOM/XTROVERT EYESHADOW PALETTE, 194249000386, ,39.00,67,12.90
,BUXOCPL8-Q,BUXOM/BUXOM X ASH K HOLM EYESHADOW PALETTE, 194249002403, ,39.00,78,8.65
,BUXOCS2-Q,"BUXOM/ EMPTY EYE SHADOW  CUSTOMIZABLE BAR PALETTE 1.0 OZ (1 ML)
6 SHADE BAR COMPACT", 098132407262, ,13.00,83,2.25
,BUXOES10-Q,"BUXOM/EYESHADOW BAR SINGLE (LBD) .05 OZ (1.4 ML)
MATTE BLACK", 098132418848, ,12.00,73,3.25
,BUXOES15-Q,BUXOM/EYESHADOW BAR SINGLE (IT CROWD) .05 OZ (1.4 ML), 098132421121, ,12.00,78,2.65
,BUXOES17-Q,BUXOM/EYESHADOW BAR SINGLE (SPOILED SEXY) .05 OZ (1.4 ML), 098132418879, ,12.00,78,2.65
,BUXOES19-Q,BUXOM/EYESHADOW BAR SINGLE (BRONZED BOD) .05 OZ (1.4 ML), 098132475896, 81870,12.00,78,2.65
,BUXOES2-Q,"BUXOM BACKSTAGE PASS EYE SHADOW 0.05 OZ (1.4 ML)
SHIMMERING LAPIS", 098132418985, ,12.00,78,2.65
,BUXOES21-Q,BUXOM/EYESHADOW BAR SINGLE (SCHMOOZE) .05 OZ (1.4 ML), 098132421145, 76397,12.00,78,2.65
,BUXOES22-Q,BUXOM/EYESHADOW BAR SINGLE (VIP) .05 OZ (1.4 ML), 098132418923, 76175,18.00,85,2.65
,BUXOES26-Q,BUXOM/EYESHADOW BAR SINGLE (STYLE ICON) .05 OZ (1.4 ML), 098132418770, 76160,18.00,66,6.15
,BUXOES27-Q,BUXOM/EYESHADOW BAR SINGLE (24KT STILETTOS) .05 OZ (1.4 ML), 098132419005, 76183,18.00,66,6.15
,BUXOLS73-Q,BUXOM TRUE NUDE LIP FOUNDATION (AU NATUREL) 0.03 OZ (1.1 ML), 098132344611, 68757,20.00,66,6.75
,BUXOLS75-Q,BUXOM TRUE NUDE LIP FOUNDATION (NAKED) 0.03 OZ (1.1 ML), 098132344642, 68760,20.00,66,6.75
,BUXOLS40-Q,BUXOM/SHIMMER SHOCK LIPSTICK (UNCONTROLLABLE) 0.07 OZ (2.1 ML), 098132465156, ,21.00,66,7.05
,BUXOLS51-Q,BUXOM/SHIMMER SHOCK LIPSTICK (AFTERSHOCK) 0.07 OZ (2.1 ML), 098132465125, 80793,22.00,67,7.35
,BUXOLS53-Q,BUXOM/SHIMMER SHOCK LIPSTICK (DYNAMITE) 0.07 OZ (2.1 ML), 098132465163, 80797,22.00,67,7.35
,BUXOLS54-Q,BUXOM/SHIMMER SHOCK LIPSTICK (FIREBALL) 0.07 OZ (2.1 ML), 098132465170, 80798,22.00,67,7.35
,BUXOLSG14-Q,"BUXOM/BIG & SEXY BOLD GEL LIPSTICK (COOL CONFESSION) 0.09 OZ (2.8 ml)
SATIN", 098132429660, ,22.00,66,7.57
,BUXOLSG31-Q,"BUXOM/BIG & SEXY BOLD GEL LIPSTICK (BURNING DESIRE) 0.09 OZ (2.8 ml)
MATTE", 098132429653, ,22.00,67,7.35
,BUXOLSG33-Q,"BUXOM/BIG & SEXY BOLD GEL LIPSTICK (DEFIANT BLOOM) 0.09 OZ (2.8 ml)
MATTE", 098132429585, ,22.00,67,7.35
,BUXOLSG7-Q,BUXOM/BIG & SEXY BOLD GEL LIPSTICK (WILDFIRE) 0.09 OZ (2.8 ML), 098132429493, ,22.00,67,7.35
,BUXOLS50-Q,"BUXOM/FULL FORCE PLUMPING LIPSTICK (MAKE OUT) 0.12 OZ (3.5 ML) 
SOFT NUDE", 098132546442, 90269,22.00,67,7.35
,BUXOLS18-Q,BUXOM/VA-VA PLUMP SHINY LIQUID LIPSTICK PIN UP PLUM 0.11 OZ (3.5 ML), 098132521074, 86042,20.00,76,4.75
,BUXOLS20-Q,BUXOM/VA-VA PLUMP SHINY LIQUID LIPSTICK BOLDLY GIO 0.11 OZ (3.5 ML), 098132521128, 86047,20.00,66,6.75
,BUXOLS11-Q,"BUXOM/WILDLY WHIPPED LIGHTWEIGHT LIPSTICK (WANDRESS) .16 OZ (5 ML) 
ROSE", 098132453443, 79625,21.00,66,7.05
,BUXOLS2-Q,"BUXOM/WILDLY WHIPPED LIGHTWEIGHT LIPSTICK (FLAUNTER) .16 OZ (5 ML)
ORANGE CORAL", 098132453498, 79630,21.00,77,4.75
,BUXOLS3-Q,"BUXOM/WILDLY WHIPPED LIGHTWEIGHT LIPSTICK (DOMINATRIX) .16 OZ (5 ML) 
FIREY RED", 098132453467, 79627,21.00,74,5.45
,BUXOLS36-Q,"BUXOM/WILDLY WHIPPED LIGHTWEIGHT LIPSTICK (EXHIBITIONIST) .16 OZ (5 ML)
LIP PLUMPER", 098132453405, 79621,21.00,83,3.55
,BUXOLS4-Q,BUXOM/WILDLY WHIPPED LIGHTWEIGHT LIPSTICK (CRIMINAL) .16 OZ (5 ML), 098132453481, 79629,21.00,66,7.05
,BUXOLS5-Q,BUXOM/WILDLY WHIPPED LIGHTWEIGHT LIPSTICK (LOVER) .16 OZ (5 ML), 098132453429, 79623,21.00,77,4.75
,BUXOLS6-Q,"BUXOM/WILDLY WHIPPED LIGHTWEIGHT LIPSTICK (DEVIOUS DOLLY) .16 OZ (5 ML)
MUAVE", 098132459520, 80233,22.00,74,5.75
,BUXOLS7-Q,"BUXOM/WILDLY WHIPPED LIGHTWEIGHT LIPSTICK (SWINGER) .16 OZ (5 ML)
MAGENTA", 098132453450, 79626,21.00,66,7.05
,BUXOPWLS2-Q,BUXOM/PILLOW POUT CREAMY PLUMPING LIP POWDER( SPOIL ME) 0.03 OZ (1 ML), 098132551552, 90760,22.00,67,7.35
,BUXOPWLS6-Q,BUXOM/PILLOW POUT CREAMY PLUMPING LIP POWDER(TURN ME ON) 0.03 OZ (1 ML), 098132551576, 90762,22.00,67,7.35
,DIORLS110-A,"CH.DIOR/ROUGE DIOR COUTURE COLOUR LIPSTICK (720 ICONE) VELVET  0.12 OZ 
REFILLABLE", 3348901658454, C035600720,49.00,39,30.05
,DIORLS111-A,"CH.DIOR/ROUGE DIOR COUTURE COLOUR LIPSTICK (772 CLASSIC ROSEWOOD) VELVET 0.12 OZ
REFILLABLE", 3348901658485, C035600772,49.00,39,30.05
,DIADDLB11,"CH.DIOR/ADDICT LIP SUGAR SCRUB (001 SHEER PINK) 0.12 OZ
EXFOLIATING LIP BALM", 3348901334952, F002888001,40.00,28,28.80
,DIDIOFBZ1,CH.DIOR/DIOR FOREVER NATURAL BRONZE BRONZING POWDER (002 LIGHT BRONZE), 3348901550819, C021600002,55.00,37,34.60
,DIDIOFFO11-Q,"CH.DIOR/DIOR FOREVER MATTE FOUNDATION SPF 35 (7,5N) 1.0 OZ 
VERY DEEP SKIN
NEUTRAL UNDERTONES", 3348901438087, C006350075,57.00,56,24.85
,DIDIOFFO13-Q,"CH.DIOR/DIOR FOREVER MATTE FOUNDATION SPF 35 (9N) 1.0 OZ 
DEEPEST SKIN
NEUTRAL UNDERTONES", 3348901438124, C006350090,57.00,56,24.85
,DIDIOFFO17-Q,"CH.DIOR/DIOR FOREVER SKIN GLOW FOUNDATION SPF 35 (8N) 1.0 OZ 
VERY DEEP SKIN
NEURAL UNDERTONES", 3348901454797, C007150080,57.00,56,24.85
,DIDIOFFO8-Q,"CH.DIOR/DIOR FOREVER MATTE FOUNDATION SPF 35 (3W) 1.0 OZ 
LIGHT MEDIUM SKIN 
WARM YELLOW UNDERTONES", 3348901438162, C006350031,57.00,56,24.85
,DIDIOFHPW2,CH.DIOR/DIOR FOREVER COUTURE LUMINIZER HIGHLIGHT POWDER (03 PEARLESCENT GLOW), 3348901566803, C022800003,50.00,31,34.60
,DIDSFRFOPW11,CH.DIOR/DIOR FOREVER NATURAL VELVET TRANSFER-PROOF COMPACT FOUNDATION (1.5N), 3348901608893, C029300015,60.00,28,42.95
,DIDSFRFOPW12,CH.DIOR/DIOR FOREVER NATURAL VELVET TRANSFER-PROOF COMPACT FOUNDATION (2N), 3348901607612, C029300020,60.00,28,42.95
,DIDSFRFOPW13,CH.DIOR/DIOR FOREVER NATURAL VELVET TRANSFER-PROOF COMPACT FOUNDATION (1N), 3348901608862, C029300010,60.00,31,41.45
,DIDSFRFOPW14,CH.DIOR/DIOR FOREVER NATURAL VELVET TRANSFER-PROOF COMPACT FOUNDATION (2.5N), 3348901608923, C029300025,60.00,31,41.45
,DIDSKIFO11-Q,"CH.DIOR/DIORSKIN FOREVER UNDERCOVER FOUNDATION (070 DARK BROWN) 1.3 OZ (40 ML) 
DEEP TO VERY DEEP SKIN
NEUTRAL UNDERTONE", 3348901383707, C000900070,54.00,56,23.65
